id_usuario,data_hora_login,ip_login
1,2024-08-26 08:30:00,192.168.1.1
2,2024-08-26 09:15:00,192.168.1.2
3,2024-08-26 10:00:00,192.168.1.3
4,2024-08-26 10:45:00,192.168.1.4
5,2024-08-26 11:30:00,192.168.1.5
6,2024-08-26 12:15:00,192.168.1.6
7,2024-08-26 13:00:00,192.168.1.7
8,2024-08-26 13:45:00,192.168.1.8
9,2024-08-26 14:30:00,192.168.1.9
10,2024-08-26 15:15:00,192.168.1.10
11,2024-08-26 16:00:00,192.168.1.11
12,2024-08-26 16:45:00,192.168.1.12
13,2024-08-26 17:30:00,192.168.1.13
14,2024-08-26 18:15:00,192.168.1.14
15,2024-08-26 19:00:00,192.168.1.15
16,2024-08-26 19:45:00,192.168.1.16
17,2024-08-26 20:30:00,192.168.1.17
18,2024-08-26 21:15:00,192.168.1.18
19,2024-08-26 22:00:00,192.168.1.19
20,2024-08-26 22:45:00,192.168.1.20
